rank,freq_acumulada
1,2.797867058137778
2,4.179529802897174
3,5.524492130998899
4,6.791735929707908
5,7.817188748084022
6,8.805941149802464
7,9.641415340774163
8,10.45745989939768
9,11.25407482567302
10,11.94490619805272
11,12.635737570432418
12,13.233738477148593
13,13.829580535826084
14,14.423263746464887
15,15.006152716910256
16,15.58688283931694
17,16.161136417607562
18,16.731072299820816
19,17.301008182034067
20,17.810496319164095
21,18.311349064139375
22,18.812201809114658
23,19.308736858012566
24,19.800954210833098
25,20.291012715614947
26,20.763800436087305
27,21.227952764404915
28,21.692105092722525
29,22.12819239653721
30,22.555644308197145
31,22.97446082770234
32,23.388959651130158
33,23.792664234364544
34,24.19636881759893
35,24.59575570475594
36,24.99082489583558
37,25.37941754279916
38,25.761533645646683
39,26.13933205241683
40,26.510653915070918
41,26.881975777725003
42,27.24897994430172
43,27.613825262839747
44,27.97867058137778
45,28.330562811683684
46,28.67813734591222
47,29.023553032102072
48,29.364651022214545
49,29.697113620172278
50,30.029576218130003
51,30.355562271971674
52,30.67938947777466
53,30.99889898750027
54,31.316249649187196
55,31.63144146283543
56,31.942315580406294
57,32.253189697977156
58,32.564063815548025
59,32.870620237041514
60,33.17501781049632
61,33.47725653591244
62,33.77517756525118
63,34.07309859458993
64,34.36238423177392
65,34.651669868957924
66,34.938796658103236
67,35.22592344724855
68,35.504414844239115
69,35.78074739319099
70,36.050603398026816
71,36.31614170678526
72,36.581680015543704
73,36.84721832430215
74,37.10843893698323
75,37.3696595496643
76,37.63088016234537
77,37.88994192698776
78,38.14684484359146
79,38.40158891215648
80,38.65633298072149
81,38.906759353209125
82,39.15502687765808
83,39.401135554068354
84,39.64724423047862
85,39.884717514734135
86,40.12219079898966
87,40.35750523520649
88,40.59281967142333
89,40.82597525960148
90,41.05913084777962
91,41.2879687398804
92,41.514647783942486
93,41.73916797996589
94,41.9636881759893
95,42.186049523974006
96,42.40625202392004
97,42.624295675827376
98,42.84233932773472
99,43.05822413160338
100,43.274108935472036
101,43.48567604326332
102,43.6972431510546
103,43.90881025884588
104,44.118218518598475
105,44.32762677835107
106,44.53703503810367
107,44.74428444981758
108,44.95153386153149
109,45.154465577168025
110,45.355238444765874
111,45.55601131236372
112,45.75678417996157
113,45.95539819952074
114,46.15185337104121
115,46.34830854256169
116,46.544763714082166
117,46.73906003756396
118,46.933356361045746
119,47.12549383648885
120,47.317631311931954
121,47.50760993933637
122,47.6954297187021
123,47.881090650029144
124,48.066751581356186
125,48.250253664644546
126,48.42943805185553
127,48.608622439066515
128,48.78564797823881
129,48.96267351741111
130,49.13969905658341
131,49.31672459575571
132,49.49375013492801
133,49.668616826061616
134,49.84132466915654
135,50.01403251225146
136,50.184581507307705
137,50.35513050236394
138,50.523520649381496
139,50.68975194836035
140,50.85598324733922
141,51.0200556982794
142,51.181969301180885
143,51.343882904082385
144,51.5014788109065
145,51.659074717730626
146,51.81667062455474
147,51.97210768334018
148,52.1275447421256
149,52.280822952872356
150,52.4341011636191
151,52.58737937436584
152,52.74065758511258
153,52.891776947820645
154,53.0428963105287
155,53.19401567323676
156,53.34297618790613
157,53.4919367025755
158,53.64089721724488
159,53.78769888387557
160,53.93450055050625
161,54.08130221713694
162,54.228103883767616
163,54.37274670235962
164,54.51738952095162
165,54.66203233954362
166,54.80667515813562
167,54.949159128688926
168,55.09164309924225
169,55.231968221756865
170,55.3722933442715
171,55.51261846678612
172,55.652943589300754
173,55.79110986377669
174,55.929276138252625
175,56.06744241272856
176,56.20129099112714
177,56.33513956952571
178,56.46898814792427
179,56.602836726322835
180,56.736685304721405
181,56.87053388311997
182,57.00222361347985
183,57.13175449580105
184,57.26128537812223
185,57.38865741240474
186,57.51602944668724
187,57.64340148096976
188,57.77077351525226
189,57.895986701496085
190,58.021199887739904
191,58.14641307398373
192,58.26946741218886
193,58.39252175039399
194,58.513417240560436
195,58.63431273072689
196,58.75520822089333
197,58.87610371105978
198,58.99484035318754
199,59.1135769953153
200,59.232313637443056
201,59.35105027957081
202,59.469786921698585
203,59.58852356382634
204,59.70510135791541
205,59.82167915200449
206,59.93825694609356
207,60.05483474018264
208,60.17141253427172
209,60.2858314803221
210,60.400250426372494
211,60.51466937242288
212,60.629088318473265
213,60.74350726452366
214,60.85576736253535
215,60.96802746054705
216,61.08028755855875
217,61.19038880853177
218,61.300490058504785
219,61.40843246043911
220,61.51637486237343
221,61.62215841626908
222,61.72794197016472
223,61.833725524060355
224,61.939509077956004
225,62.045292631851645
226,62.151076185747286
227,62.25685973964292
228,62.36264329353857
229,62.46842684743421
230,62.57421040132986
231,62.67783510718681
232,62.78145981304376
233,62.88508451890071
234,62.98870922475766
235,63.09233393061462
236,63.19379978843289
237,63.29526564625117
238,63.394572656030746
239,63.493879665810326
240,63.593186675589905
241,63.69249368536949
242,63.79180069514907
243,63.88894885688996
244,63.98609701863086
245,64.08324518037175
246,64.18039334211265
247,64.27754150385354
248,64.37253081755576
249,64.46752013125796
250,64.56250944496017
251,64.65749875866238
252,64.75248807236459
253,64.8474773860668
254,64.94030785173031
255,65.03313831739383
256,65.12596878305736
257,65.21879924872088
258,65.3116297143844
259,65.40446018004793
260,65.49729064571144
261,65.59012111137497
262,65.6807927289998
263,65.76930549858595
264,65.85781826817211
265,65.94633103775826
266,66.0348438073444
267,66.12335657693055
268,66.21186934651669
269,66.30038211610285
270,66.388894885689
271,66.47740765527514
272,66.56592042486129
273,66.65443319444744
274,66.7407871159949
275,66.82714103754238
276,66.91349495908983
277,66.99984888063729
278,67.08620280218476
279,67.17039787569354
280,67.2545929492023
281,67.33878802271109
282,67.42298309621985
283,67.50717816972863
284,67.59137324323741
285,67.67556831674618
286,67.75760454221627
287,67.83964076768636
288,67.92167699315645
289,68.00371321862654
290,68.08574944409663
291,68.16778566956671
292,68.24982189503682
293,68.3318581205069
294,68.4117354979383
295,68.4916128753697
296,68.5714902528011
297,68.65136763023251
298,68.73124500766392
299,68.81112238509532
300,68.89099976252672
301,68.97087713995812
302,69.05075451738952
303,69.13063189482092
304,69.21050927225232
305,69.29038664968374
306,69.36810517907645
307,69.44582370846916
308,69.52354223786188
309,69.60126076725459
310,69.67897929664731
311,69.75669782604002
312,69.83441635543274
313,69.91213488482546
314,69.98985341421817
315,70.06757194361089
316,70.14529047300361
317,70.22085015435763
318,70.29640983571166
319,70.3719695170657
320,70.44752919841972
321,70.52308887977375
322,70.59864856112779
323,70.67420824248181
324,70.74976792383583
325,70.82532760518987
326,70.9008872865439
327,70.97644696789793
328,71.05200664925196
329,71.12756633060599
330,71.20096716392133
331,71.27436799723668
332,71.34776883055201
333,71.42116966386736
334,71.4945704971827
335,71.56797133049805
336,71.64137216381339
337,71.71477299712873
338,71.78817383044408
339,71.85941581572072
340,71.9306578009974
341,72.00189978627405
342,72.0731417715507
343,72.14438375682735
344,72.21562574210402
345,72.28686772738067
346,72.35810971265732
347,72.42719284989529
348,72.49627598713326
349,72.56535912437123
350,72.6344422616092
351,72.70352539884718
352,72.77260853608514
353,72.84169167332311
354,72.91077481056108
355,72.97985794779905
356,73.04894108503703
357,73.118024222275
358,73.18710735951296
359,73.25619049675095
360,73.32311478595021
361,73.3900390751495
362,73.45696336434878
363,73.52388765354807
364,73.59081194274735
365,73.65773623194663
366,73.7246605211459
367,73.7915848103452
368,73.85850909954448
369,73.92543338874377
370,73.99019882990436
371,74.05496427106496
372,74.11972971222556
373,74.18449515338615
374,74.24926059454675
375,74.31402603570734
376,74.37663262882926
377,74.43923922195117
378,74.50184581507308
379,74.564452408195
380,74.6270590013169
381,74.68750674640012
382,74.74795449148334
383,74.80840223656658
384,74.86884998164979
385,74.92929772673301
386,74.98974547181624
387,75.05019321689946
388,75.11064096198268
389,75.17108870706592
390,75.23153645214913
391,75.29198419723235
392,75.3502730942769
393,75.40856199132143
394,75.46685088836597
395,75.5251397854105
396,75.58342868245505
397,75.64171757949958
398,75.70000647654412
399,75.75829537358865
400,75.81658427063319
401,75.87487316767772
402,75.93100321668358
403,75.98713326568944
404,76.04326331469528
405,76.09939336370113
406,76.15552341270698
407,76.21165346171283
408,76.26778351071867
409,76.32391355972453
410,76.38004360873039
411,76.43617365773623
412,76.49014485870339
413,76.54411605967056
414,76.59808726063773
415,76.6520584616049
416,76.70602966257205
417,76.76000086353922
418,76.81397206450637
419,76.86794326547354
420,76.92191446644071
421,76.97588566740788
422,77.02985686837503
423,77.0838280693422
424,77.13564042227068
425,77.18745277519915
426,77.23926512812763
427,77.2910774810561
428,77.34288983398459
429,77.39470218691307
430,77.44651453984154
431,77.49832689277002
432,77.55013924569849
433,77.60195159862697
434,77.65376395155545
435,77.70557630448393
436,77.7573886574124
437,77.80920101034087
438,77.86101336326936
439,77.91282571619784
440,77.96463806912631
441,78.01645042205479
442,78.06610392694459
443,78.11575743183438
444,78.16541093672417
445,78.21506444161396
446,78.26471794650375
447,78.31437145139354
448,78.36402495628333
449,78.41367846117312
450,78.46333196606291
451,78.5129854709527
452,78.56263897584249
453,78.61229248073228
454,78.65978713758338
455,78.7072817944345
456,78.7547764512856
457,78.80227110813671
458,78.8497657649878
459,78.89726042183891
460,78.94475507869001
461,78.99224973554112
462,79.03974439239222
463,79.08723904924332
464,79.13473370609442
465,79.18222836294552
466,79.22972301979664
467,79.27721767664774
468,79.32471233349885
469,79.37220699034995
470,79.41970164720105
471,79.46719630405215
472,79.51469096090327
473,79.56218561775437
474,79.60752142656679
475,79.6528572353792
476,79.69819304419163
477,79.74352885300404
478,79.78886466181645
479,79.83420047062887
480,79.87953627944128
481,79.92487208825371
482,79.97020789706613
483,80.01554370587854
484,80.06087951469097
485,80.10621532350338
486,80.1515511323158
487,80.19688694112821
488,80.24222274994062
489,80.28755855875305
490,80.33289436756547
491,80.37823017637788
492,80.42356598519031
493,80.46674294596403
494,80.50991990673776
495,80.5530968675115
496,80.59627382828522
497,80.63945078905896
498,80.68262774983269
499,80.72580471060643
500,80.76898167138015
501,80.81215863215388
502,80.85533559292762
503,80.89851255370134
504,80.94168951447507
505,80.98486647524881
506,81.02804343602253
507,81.07122039679628
508,81.11439735757
509,81.15541547030504
510,81.19643358304009
511,81.23745169577514
512,81.27846980851018
513,81.31948792124523
514,81.36050603398027
515,81.4015241467153
516,81.44254225945036
517,81.48356037218541
518,81.52457848492045
519,81.56559659765549
520,81.60661471039053
521,81.64763282312558
522,81.68865093586064
523,81.72966904859567
524,81.77068716133071
525,81.81170527406576
526,81.8527233868008
527,81.89374149953585
528,81.9347596122709
529,81.97577772500594
530,82.01679583774099
531,82.05781395047602
532,82.09883206321106
533,82.13985017594612
534,82.18086828868117
535,82.21972755337752
536,82.25858681807388
537,82.29744608277024
538,82.33630534746659
539,82.37516461216295
540,82.4140238768593
541,82.45288314155566
542,82.49174240625202
543,82.53060167094837
544,82.56946093564474
545,82.6083202003411
546,82.64717946503745
547,82.68603872973381
548,82.72489799443017
549,82.76375725912652
550,82.80261652382289
551,82.84147578851925
552,82.8803350532156
553,82.91919431791196
554,82.95805358260831
555,82.99691284730469
556,83.03361326396235
557,83.07031368062002
558,83.10701409727768
559,83.14371451393536
560,83.18041493059305
561,83.2171153472507
562,83.25381576390838
563,83.29051618056606
564,83.32721659722372
565,83.36391701388139
566,83.40061743053906
567,83.43731784719674
568,83.4740182638544
569,83.51071868051207
570,83.54741909716975
571,83.58411951382743
572,83.62081993048508
573,83.65752034714276
574,83.69422076380043
575,83.73092118045811
576,83.76762159711578
577,83.80432201377344
578,83.84102243043112
579,83.8777228470888
580,83.91442326374646
581,83.94896483236545
582,83.98350640098442
583,84.01804796960342
584,84.0525895382224
585,84.08713110684138
586,84.12167267546037
587,84.15621424407937
588,84.19075581269834
589,84.22529738131733
590,84.25983894993632
591,84.2943805185553
592,84.32892208717429
593,84.36346365579327
594,84.39800522441226
595,84.43254679303124
596,84.46708836165023
597,84.5016299302692
598,84.5361714988882
599,84.57071306750717
600,84.60525463612616
601,84.63979620474514
602,84.67433777336413
603,84.70887934198312
604,84.74342091060211
605,84.77796247922109
606,84.81250404784008
607,84.84704561645906
608,84.88158718507805
609,84.91612875369702
610,84.95067032231601
611,84.98521189093499
612,85.01975345955398
613,85.05213618013428
614,85.08451890071458
615,85.11690162129489
616,85.14928434187517
617,85.18166706245547
618,85.21404978303578
619,85.24643250361606
620,85.27881522419636
621,85.31119794477667
622,85.34358066535697
623,85.37596338593725
624,85.40834610651757
625,85.44072882709786
626,85.47311154767816
627,85.50549426825846
628,85.53787698883876
629,85.57025970941905
630,85.60264242999935
631,85.63502515057965
632,85.66740787115995
633,85.69979059174024
634,85.73217331232055
635,85.76455603290084
636,85.79693875348114
637,85.82716262602275
638,85.85738649856437
639,85.88761037110598
640,85.91783424364759
641,85.9480581161892
642,85.97828198873081
643,86.00850586127243
644,86.03872973381404
645,86.06895360635565
646,86.09917747889726
647,86.12940135143887
648,86.15962522398048
649,86.1898490965221
650,86.22007296906371
651,86.25029684160532
652,86.28052071414693
653,86.31074458668854
654,86.34096845923015
655,86.37119233177177
656,86.40141620431338
657,86.43164007685499
658,86.4618639493966
659,86.49208782193821
660,86.52231169447982
661,86.55253556702144
662,86.58275943956305
663,86.61298331210466
664,86.64320718464627
665,86.67343105718788
666,86.7036549297295
667,86.73387880227111
668,86.76410267481272
669,86.79216769931564
670,86.82023272381856
671,86.84829774832149
672,86.87636277282442
673,86.90442779732734
674,86.93249282183028
675,86.9605578463332
676,86.98862287083612
677,87.01668789533905
678,87.04475291984197
679,87.07281794434489
680,87.10088296884783
681,87.12894799335075
682,87.15701301785367
683,87.1850780423566
684,87.21314306685952
685,87.24120809136245
686,87.26927311586537
687,87.2973381403683
688,87.32540316487123
689,87.35346818937415
690,87.38153321387708
691,87.40959823838
692,87.43766326288292
693,87.46572828738584
694,87.49379331188878
695,87.5218583363917
696,87.54992336089462
697,87.57798838539756
698,87.60605340990047
699,87.6341184344034
700,87.66218345890633
701,87.69024848340925
702,87.71831350791219
703,87.74637853241511
704,87.77444355691803
705,87.80034973338226
706,87.82625590984651
707,87.85216208631074
708,87.87806826277499
709,87.90397443923922
710,87.92988061570345
711,87.9557867921677
712,87.98169296863195
713,88.00759914509617
714,88.03350532156041
715,88.05941149802466
716,88.08531767448889
717,88.11122385095314
718,88.13713002741737
719,88.1630362038816
720,88.18894238034585
721,88.21484855681008
722,88.24075473327433
723,88.26666090973856
724,88.2925670862028
725,88.31847326266704
726,88.34437943913129
727,88.37028561559552
728,88.39619179205975
729,88.422097968524
730,88.44800414498823
731,88.47391032145248
732,88.49981649791671
733,88.52572267438094
734,88.55162885084519
735,88.57753502730942
736,88.60344120377367
737,88.62934738023792
738,88.65525355670214
739,88.68115973316638
740,88.70706590963063
741,88.73297208609486
742,88.75671941452042
743,88.78046674294596
744,88.80421407137152
745,88.82796139979708
746,88.85170872822262
747,88.87545605664818
748,88.89920338507372
749,88.92295071349928
750,88.94669804192483
751,88.97044537035038
752,88.99419269877593
753,89.01794002720148
754,89.04168735562705
755,89.06543468405259
756,89.08918201247815
757,89.11292934090369
758,89.13667666932925
759,89.1604239977548
760,89.18417132618035
761,89.2079186546059
762,89.23166598303145
763,89.255413311457
764,89.27916063988256
765,89.3029079683081
766,89.32665529673366
767,89.35040262515922
768,89.37414995358478
769,89.39789728201032
770,89.42164461043586
771,89.44539193886142
772,89.46913926728698
773,89.49288659571253
774,89.51663392413808
775,89.54038125256363
776,89.56412858098919
777,89.58787590941473
778,89.61162323784029
779,89.63537056626583
780,89.65911789469139
781,89.68286522311695
782,89.70661255154249
783,89.73035987996805
784,89.75410720839359
785,89.77785453681916
786,89.8016018652447
787,89.82534919367026
788,89.8490965220958
789,89.87284385052136
790,89.89659117894692
791,89.92033850737246
792,89.94192698775933
793,89.9635154681462
794,89.98510394853307
795,90.00669242891993
796,90.02828090930679
797,90.04986938969365
798,90.07145787008054
799,90.09304635046739
800,90.11463483085426
801,90.13622331124112
802,90.15781179162798
803,90.17940027201486
804,90.20098875240173
805,90.22257723278858
806,90.24416571317545
807,90.26575419356232
808,90.28734267394918
809,90.30893115433605
810,90.33051963472292
811,90.35210811510977
812,90.37369659549664
813,90.3952850758835
814,90.41687355627037
815,90.43846203665724
816,90.46005051704411
817,90.48163899743096
818,90.50322747781784
819,90.52481595820471
820,90.54640443859157
821,90.56799291897843
822,90.58958139936529
823,90.61116987975217
824,90.63275836013904
825,90.65434684052589
826,90.67593532091276
827,90.69752380129962
828,90.71911228168649
829,90.74070076207336
830,90.76228924246023
831,90.78387772284708
832,90.80546620323395
833,90.82705468362082
834,90.84864316400768
835,90.87023164439455
836,90.89182012478142
837,90.91340860516827
838,90.93499708555515
839,90.95658556594202
840,90.97817404632887
841,90.99976252671574
842,91.02135100710261
843,91.04293948748948
844,91.06452796787634
845,91.08611644826321
846,91.10770492865007
847,91.12929340903693
848,91.1508818894238
849,91.17031152177198
850,91.18974115412016
851,91.20917078646833
852,91.22860041881651
853,91.24803005116469
854,91.26745968351287
855,91.28688931586105
856,91.30631894820922
857,91.32574858055742
858,91.3451782129056
859,91.36460784525377
860,91.38403747760195
861,91.40346710995013
862,91.4228967422983
863,91.44232637464648
864,91.46175600699466
865,91.48118563934284
866,91.50061527169102
867,91.5200449040392
868,91.53947453638739
869,91.55890416873557
870,91.57833380108374
871,91.59776343343192
872,91.6171930657801
873,91.63662269812828
874,91.65605233047646
875,91.67548196282463
876,91.69491159517281
877,91.71434122752099
878,91.73377085986918
879,91.75320049221736
880,91.77263012456554
881,91.79205975691372
882,91.8114893892619
883,91.83091902161007
884,91.85034865395825
885,91.86977828630643
886,91.8892079186546
887,91.90863755100278
888,91.92806718335096
889,91.94749681569915
890,91.96692644804733
891,91.98635608039551
892,92.00578571274369
893,92.02521534509187
894,92.04464497744004
895,92.06407460978822
896,92.0835042421364
897,92.10077502644589
898,92.11804581075538
899,92.13531659506488
900,92.15258737937437
901,92.16985816368386
902,92.18712894799334
903,92.20439973230285
904,92.22167051661233
905,92.23894130092182
906,92.25621208523133
907,92.27348286954081
908,92.29075365385032
909,92.30802443815979
910,92.3252952224693
911,92.34256600677878
912,92.35983679108828
913,92.37710757539776
914,92.39437835970726
915,92.41164914401675
916,92.42891992832625
917,92.44619071263574
918,92.46346149694523
919,92.48073228125472
920,92.49800306556422
921,92.51527384987371
922,92.5325446341832
923,92.54981541849268
924,92.56708620280219
925,92.58435698711168
926,92.60162777142116
927,92.61889855573067
928,92.63616934004015
929,92.65344012434966
930,92.67071090865913
931,92.68798169296863
932,92.70525247727812
933,92.72252326158763
934,92.7397940458971
935,92.7570648302066
936,92.77433561451609
937,92.79160639882559
938,92.80887718313508
939,92.82614796744457
940,92.84341875175406
941,92.86068953606356
942,92.87796032037305
943,92.89523110468254
944,92.91250188899204
945,92.92977267330153
946,92.94704345761102
947,92.9643142419205
948,92.98158502623001
949,92.9988558105395
950,93.016126594849
951,93.03339737915847
952,93.05066816346798
953,93.06793894777746
954,93.08520973208697
955,93.10248051639644
956,93.11975130070594
957,93.13702208501543
958,93.15429286932493
959,93.17156365363442
960,93.18883443794391
961,93.20610522225341
962,93.2233760065629
963,93.24064679087239
964,93.25791757518188
965,93.27302951145269
966,93.28814144772349
967,93.3032533839943
968,93.3183653202651
969,93.33347725653591
970,93.34858919280671
971,93.36370112907753
972,93.37881306534833
973,93.39392500161914
974,93.40903693788995
975,93.42414887416075
976,93.43926081043156
977,93.45437274670236
978,93.46948468297317
979,93.48459661924397
980,93.49970855551479
981,93.51482049178558
982,93.52993242805638
983,93.5450443643272
984,93.560156300598
985,93.57526823686881
986,93.59038017313961
987,93.60549210941042
988,93.62060404568122
989,93.63571598195203
990,93.65082791822283
991,93.66593985449364
992,93.68105179076444
993,93.69616372703526
994,93.71127566330605
995,93.72638759957687
996,93.74149953584767
997,93.75661147211848
998,93.77172340838928
999,93.78683534466009
1000,93.8019472809309
1001,93.8170592172017
1002,93.83217115347252
1003,93.84728308974331
1004,93.86239502601413
1005,93.87750696228493
1006,93.89261889855574
1007,93.90773083482654
1008,93.92284277109735
1009,93.93795470736815
1010,93.95306664363895
1011,93.96817857990976
1012,93.98329051618056
1013,93.99840245245137
1014,94.01351438872217
1015,94.02862632499298
1016,94.04373826126378
1017,94.0588501975346
1018,94.0739621338054
1019,94.08907407007621
1020,94.104186006347
1021,94.11929794261782
1022,94.13440987888862
1023,94.14952181515943
1024,94.16463375143024
1025,94.17974568770104
1026,94.19485762397186
1027,94.20996956024266
1028,94.22508149651347
1029,94.24019343278427
1030,94.25530536905508
1031,94.27041730532588
1032,94.28552924159669
1033,94.30064117786749
1034,94.3157531141383
1035,94.3308650504091
1036,94.3459769866799
1037,94.36108892295071
1038,94.37620085922151
1039,94.39131279549233
1040,94.40642473176312
1041,94.42153666803394
1042,94.43664860430474
1043,94.45176054057555
1044,94.46687247684635
1045,94.48198441311716
1046,94.49709634938796
1047,94.51220828565877
1048,94.52732022192959
1049,94.54243215820038
1050,94.5553852464325
1051,94.56833833466463
1052,94.58129142289674
1053,94.59424451112886
1054,94.60719759936099
1055,94.6201506875931
1056,94.63310377582522
1057,94.64605686405734
1058,94.65900995228947
1059,94.67196304052158
1060,94.6849161287537
1061,94.69786921698582
1062,94.71082230521793
1063,94.72377539345005
1064,94.73672848168218
1065,94.74968156991429
1066,94.76263465814641
1067,94.77558774637853
1068,94.78854083461066
1069,94.80149392284277
1070,94.81444701107489
1071,94.82740009930701
1072,94.84035318753912
1073,94.85330627577125
1074,94.86625936400337
1075,94.87921245223548
1076,94.89216554046762
1077,94.90511862869973
1078,94.91807171693183
1079,94.93102480516397
1080,94.94397789339608
1081,94.9569309816282
1082,94.96988406986033
1083,94.98283715809244
1084,94.99579024632456
1085,95.00874333455668
1086,95.0216964227888
1087,95.03464951102092
1088,95.04760259925304
1089,95.06055568748516
1090,95.07350877571727
1091,95.0864618639494
1092,95.09941495218152
1093,95.11236804041363
1094,95.12532112864575
1095,95.13827421687787
1096,95.15122730511
1097,95.16418039334211
1098,95.17713348157423
1099,95.19008656980635
1100,95.20303965803846
1101,95.2159927462706
1102,95.22894583450271
1103,95.24189892273482
1104,95.25485201096696
1105,95.26780509919907
1106,95.28075818743119
1107,95.29371127566331
1108,95.30666436389542
1109,95.31961745212755
1110,95.33257054035967
1111,95.34552362859179
1112,95.3584767168239
1113,95.37142980505602
1114,95.38438289328815
1115,95.39733598152026
1116,95.41028906975238
1117,95.4232421579845
1118,95.43619524621661
1119,95.44914833444874
1120,95.46210142268086
1121,95.47505451091298
1122,95.48800759914509
1123,95.50096068737722
1124,95.51391377560934
1125,95.52686686384145
1126,95.53981995207357
1127,95.5527730403057
1128,95.5657261285378
1129,95.57867921676994
1130,95.59163230500205
1131,95.60458539323416
1132,95.6153796334276
1133,95.62617387362103
1134,95.63696811381448
1135,95.64776235400791
1136,95.65855659420134
1137,95.66935083439476
1138,95.6801450745882
1139,95.69093931478163
1140,95.70173355497506
1141,95.7125277951685
1142,95.72332203536193
1143,95.73411627555537
1144,95.7449105157488
1145,95.75570475594223
1146,95.76649899613567
1147,95.7772932363291
1148,95.78808747652253
1149,95.79888171671595
1150,95.80967595690939
1151,95.82047019710282
1152,95.83126443729626
1153,95.84205867748969
1154,95.85285291768312
1155,95.86364715787656
1156,95.87444139806999
1157,95.88523563826342
1158,95.89602987845686
1159,95.90682411865029
1160,95.91761835884373
1161,95.92841259903715
1162,95.93920683923058
1163,95.95000107942401
1164,95.96079531961746
1165,95.9715895598109
1166,95.98238380000433
1167,95.99317804019775
1168,96.00397228039118
1169,96.01476652058462
1170,96.02556076077805
1171,96.03635500097148
1172,96.04714924116492
1173,96.05794348135834
1174,96.06873772155178
1175,96.07953196174522
1176,96.09032620193865
1177,96.10112044213209
1178,96.11191468232552
1179,96.12270892251894
1180,96.13350316271237
1181,96.1442974029058
1182,96.15509164309924
1183,96.16588588329267
1184,96.17668012348611
1185,96.18747436367954
1186,96.19826860387298
1187,96.20906284406641
1188,96.21985708425984
1189,96.23065132445328
1190,96.2414455646467
1191,96.25223980484013
1192,96.26303404503356
1193,96.273828285227
1194,96.28462252542043
1195,96.29541676561388
1196,96.3062110058073
1197,96.31700524600073
1198,96.32779948619417
1199,96.3385937263876
1200,96.34938796658103
1201,96.36018220677447
1202,96.37097644696789
1203,96.38177068716132
1204,96.39256492735477
1205,96.4033591675482
1206,96.41415340774164
1207,96.42494764793507
1208,96.43574188812849
1209,96.44653612832192
1210,96.45733036851536
1211,96.46812460870879
1212,96.47891884890223
1213,96.48971308909566
1214,96.50050732928909
1215,96.51130156948253
1216,96.52209580967596
1217,96.5328900498694
1218,96.54368429006283
1219,96.55447853025626
1220,96.56527277044968
1221,96.57606701064311
1222,96.58686125083655
1223,96.59765549102998
1224,96.60844973122342
1225,96.61924397141686
1226,96.63003821161028
1227,96.64083245180372
1228,96.65162669199715
1229,96.66242093219059
1230,96.67321517238402
1231,96.68400941257745
1232,96.69480365277087
1233,96.7055978929643
1234,96.71639213315774
1235,96.72718637335119
1236,96.73798061354462
1237,96.74877485373804
1238,96.75956909393147
1239,96.77036333412491
1240,96.78115757431834
1241,96.78979296647309
1242,96.79842835862785
1243,96.80706375078259
1244,96.81569914293733
1245,96.82433453509208
1246,96.83296992724682
1247,96.84160531940157
1248,96.85024071155631
1249,96.85887610371105
1250,96.86751149586581
1251,96.87614688802056
1252,96.8847822801753
1253,96.89341767233005
1254,96.90205306448479
1255,96.91068845663953
1256,96.91932384879428
1257,96.92795924094902
1258,96.93659463310378
1259,96.94523002525852
1260,96.95386541741327
1261,96.96250080956801
1262,96.97113620172276
1263,96.9797715938775
1264,96.98840698603225
1265,96.997042378187
1266,97.00567777034175
1267,97.01431316249649
1268,97.02294855465124
1269,97.031583946806
1270,97.04021933896072
1271,97.04885473111547
1272,97.05749012327021
1273,97.06612551542497
1274,97.07476090757972
1275,97.08339629973446
1276,97.09203169188922
1277,97.10066708404396
1278,97.1093024761987
1279,97.11793786835344
1280,97.1265732605082
1281,97.13520865266294
1282,97.14384404481768
1283,97.15247943697243
1284,97.16111482912719
1285,97.16975022128193
1286,97.17838561343667
1287,97.18702100559142
1288,97.19565639774616
1289,97.2042917899009
1290,97.21292718205565
1291,97.2215625742104
1292,97.23019796636515
1293,97.2388333585199
1294,97.24746875067464
1295,97.25610414282939
1296,97.26473953498413
1297,97.27337492713887
1298,97.28201031929362
1299,97.29064571144838
1300,97.29928110360312
1301,97.30791649575787
1302,97.31655188791261
1303,97.32518728006735
1304,97.3338226722221
1305,97.34245806437684
1306,97.35109345653159
1307,97.35972884868634
1308,97.36836424084109
1309,97.37699963299583
1310,97.38563502515058
1311,97.39427041730534
1312,97.40290580946007
1313,97.41154120161481
1314,97.42017659376957
1315,97.42881198592431
1316,97.43744737807906
1317,97.4460827702338
1318,97.45471816238856
1319,97.4633535545433
1320,97.47198894669805
1321,97.48062433885278
1322,97.48925973100754
1323,97.49789512316228
1324,97.50653051531702
1325,97.51516590747177
1326,97.52380129962653
1327,97.53243669178127
1328,97.54107208393602
1329,97.54970747609076
1330,97.5583428682455
1331,97.56697826040025
1332,97.57561365255499
1333,97.58424904470975
1334,97.5928844368645
1335,97.60151982901924
1336,97.61015522117398
1337,97.61879061332873
1338,97.62742600548347
1339,97.63606139763822
1340,97.64469678979296
1341,97.65333218194772
1342,97.66196757410246
1343,97.6706029662572
1344,97.67923835841195
1345,97.6878737505667
1346,97.69650914272144
1347,97.70514453487618
1348,97.71377992703094
1349,97.72241531918569
1350,97.73105071134043
1351,97.73968610349517
1352,97.74832149564993
1353,97.75695688780466
1354,97.7655922799594
1355,97.77422767211415
1356,97.78286306426891
1357,97.79149845642365
1358,97.8001338485784
1359,97.80876924073314
1360,97.8174046328879
1361,97.82604002504264
1362,97.83467541719737
1363,97.84331080935212
1364,97.85194620150688
1365,97.86058159366162
1366,97.86705813777769
1367,97.87353468189373
1368,97.8800112260098
1369,97.88648777012587
1370,97.89296431424192
1371,97.89944085835798
1372,97.90591740247405
1373,97.9123939465901
1374,97.91887049070615
1375,97.92534703482222
1376,97.93182357893828
1377,97.93830012305433
1378,97.9447766671704
1379,97.95125321128646
1380,97.95772975540251
1381,97.96420629951858
1382,97.97068284363463
1383,97.9771593877507
1384,97.98363593186676
1385,97.99011247598281
1386,97.99658902009888
1387,98.00306556421494
1388,98.00954210833099
1389,98.01601865244706
1390,98.02249519656311
1391,98.02897174067917
1392,98.03544828479524
1393,98.04192482891129
1394,98.04840137302735
1395,98.05487791714341
1396,98.06135446125947
1397,98.06783100537552
1398,98.07430754949159
1399,98.08078409360765
1400,98.0872606377237
1401,98.09373718183977
1402,98.10021372595583
1403,98.1066902700719
1404,98.11316681418795
1405,98.119643358304
1406,98.12611990242007
1407,98.13259644653613
1408,98.13907299065218
1409,98.14554953476825
1410,98.1520260788843
1411,98.15850262300036
1412,98.16497916711643
1413,98.1714557112325
1414,98.17793225534854
1415,98.1844087994646
1416,98.19088534358067
1417,98.19736188769672
1418,98.20383843181278
1419,98.21031497592885
1420,98.2167915200449
1421,98.22326806416096
1422,98.22974460827703
1423,98.23622115239309
1424,98.24269769650914
1425,98.24917424062521
1426,98.25565078474126
1427,98.26212732885732
1428,98.26860387297339
1429,98.27508041708944
1430,98.2815569612055
1431,98.28803350532156
1432,98.29451004943762
1433,98.30098659355369
1434,98.30746313766974
1435,98.3139396817858
1436,98.32041622590187
1437,98.32689277001792
1438,98.33336931413398
1439,98.33984585825004
1440,98.3463224023661
1441,98.35279894648215
1442,98.35927549059822
1443,98.36575203471428
1444,98.37222857883033
1445,98.3787051229464
1446,98.38518166706245
1447,98.39165821117851
1448,98.39813475529458
1449,98.40461129941063
1450,98.41108784352669
1451,98.41756438764276
1452,98.42404093175881
1453,98.43051747587486
1454,98.43699401999093
1455,98.44347056410699
1456,98.44994710822306
1457,98.45642365233911
1458,98.46290019645517
1459,98.46937674057124
1460,98.47585328468729
1461,98.48232982880334
1462,98.48880637291941
1463,98.49528291703547
1464,98.50175946115152
1465,98.50823600526759
1466,98.51471254938366
1467,98.5211890934997
1468,98.52766563761577
1469,98.53414218173184
1470,98.54061872584788
1471,98.54709526996395
1472,98.55357181408002
1473,98.56004835819606
1474,98.56652490231212
1475,98.5730014464282
1476,98.57947799054425
1477,98.5859545346603
1478,98.59243107877637
1479,98.59890762289243
1480,98.60538416700848
1481,98.61186071112455
1482,98.6183372552406
1483,98.62481379935666
1484,98.63129034347273
1485,98.63776688758878
1486,98.64424343170485
1487,98.6507199758209
1488,98.65719651993696
1489,98.66367306405303
1490,98.67014960816908
1491,98.67662615228514
1492,98.6831026964012
1493,98.68957924051726
1494,98.69605578463332
1495,98.7003734807107
1496,98.70469117678806
1497,98.70900887286544
1498,98.71332656894282
1499,98.71764426502018
1500,98.72196196109756
1501,98.72627965717493
1502,98.7305973532523
1503,98.73491504932967
1504,98.73923274540705
1505,98.74355044148443
1506,98.7478681375618
1507,98.75218583363917
1508,98.75650352971654
1509,98.76082122579392
1510,98.76513892187128
1511,98.76945661794866
1512,98.77377431402603
1513,98.7780920101034
1514,98.78240970618079
1515,98.78672740225815
1516,98.79104509833553
1517,98.7953627944129
1518,98.79968049049027
1519,98.80399818656764
1520,98.80831588264502
1521,98.8126335787224
1522,98.81695127479976
1523,98.82126897087714
1524,98.82558666695451
1525,98.82990436303189
1526,98.83422205910925
1527,98.83853975518663
1528,98.84285745126401
1529,98.84717514734137
1530,98.85149284341875
1531,98.85581053949612
1532,98.8601282355735
1533,98.86444593165086
1534,98.86876362772824
1535,98.87308132380562
1536,98.877399019883
1537,98.88171671596037
1538,98.88603441203773
1539,98.89035210811511
1540,98.89466980419247
1541,98.89898750026985
1542,98.90330519634722
1543,98.90762289242461
1544,98.91194058850198
1545,98.91625828457936
1546,98.92057598065672
1547,98.92489367673409
1548,98.92921137281147
1549,98.93352906888883
1550,98.93784676496621
1551,98.94216446104359
1552,98.94648215712097
1553,98.95079985319833
1554,98.95511754927571
1555,98.95943524535308
1556,98.96375294143044
1557,98.96807063750782
1558,98.9723883335852
1559,98.97670602966258
1560,98.98102372573995
1561,98.98534142181732
1562,98.98965911789469
1563,98.99397681397207
1564,98.99829451004943
1565,99.0026122061268
1566,99.00692990220419
1567,99.01124759828156
1568,99.01556529435894
1569,99.0198829904363
1570,99.02420068651368
1571,99.02851838259105
1572,99.03283607866842
1573,99.0371537747458
1574,99.04147147082317
1575,99.04578916690055
1576,99.05010686297791
1577,99.05442455905529
1578,99.05874225513266
1579,99.06305995121004
1580,99.0673776472874
1581,99.07169534336478
1582,99.07601303944216
1583,99.08033073551952
1584,99.0846484315969
1585,99.08896612767427
1586,99.09328382375165
1587,99.09760151982901
1588,99.10191921590639
1589,99.10623691198377
1590,99.11055460806114
1591,99.11487230413852
1592,99.11919000021588
1593,99.12350769629326
1594,99.12782539237062
1595,99.132143088448
1596,99.13646078452538
1597,99.14077848060275
1598,99.14509617668013
1599,99.14941387275749
1600,99.15373156883487
1601,99.15804926491224
1602,99.16236696098962
1603,99.16668465706698
1604,99.17100235314436
1605,99.17532004922174
1606,99.1796377452991
1607,99.18395544137648
1608,99.18827313745385
1609,99.19259083353123
1610,99.19690852960859
1611,99.20122622568599
1612,99.20554392176335
1613,99.20986161784072
1614,99.2141793139181
1615,99.21849700999546
1616,99.22281470607284
1617,99.2271324021502
1618,99.23145009822758
1619,99.23576779430496
1620,99.24008549038234
1621,99.2444031864597
1622,99.24872088253707
1623,99.25303857861445
1624,99.25735627469182
1625,99.2616739707692
1626,99.26599166684657
1627,99.27030936292395
1628,99.27462705900132
1629,99.2789447550787
1630,99.28326245115606
1631,99.28758014723343
1632,99.2918978433108
1633,99.29621553938817
1634,99.30053323546556
1635,99.30485093154293
1636,99.30916862762031
1637,99.31348632369767
1638,99.31780401977505
1639,99.32212171585242
1640,99.32643941192978
1641,99.33075710800718
1642,99.33507480408454
1643,99.33939250016192
1644,99.34371019623929
1645,99.34802789231667
1646,99.35234558839403
1647,99.35666328447141
1648,99.36098098054877
1649,99.36529867662615
1650,99.36961637270353
1651,99.3739340687809
1652,99.37825176485828
1653,99.38256946093564
1654,99.38688715701302
1655,99.39120485309039
1656,99.39552254916777
1657,99.39984024524514
1658,99.40415794132251
1659,99.40847563739989
1660,99.41279333347725
1661,99.41711102955463
1662,99.421428725632
1663,99.42574642170938
1664,99.43006411778676
1665,99.43438181386412
1666,99.4386995099415
1667,99.44301720601887
1668,99.44733490209624
1669,99.45165259817361
1670,99.45597029425099
1671,99.46028799032835
1672,99.46460568640573
1673,99.46892338248311
1674,99.47324107856048
1675,99.47755877463786
1676,99.48187647071522
1677,99.4861941667926
1678,99.49051186286997
1679,99.49482955894734
1680,99.49914725502472
1681,99.50346495110209
1682,99.50778264717947
1683,99.51210034325683
1684,99.51641803933421
1685,99.52073573541158
1686,99.52505343148896
1687,99.52937112756634
1688,99.5336888236437
1689,99.53800651972108
1690,99.54232421579844
1691,99.54448306383713
1692,99.54664191187582
1693,99.54880075991451
1694,99.55095960795319
1695,99.55311845599188
1696,99.55527730403057
1697,99.55743615206926
1698,99.55959500010795
1699,99.56175384814662
1700,99.56391269618533
1701,99.566071544224
1702,99.56823039226269
1703,99.57038924030137
1704,99.57254808834006
1705,99.57470693637875
1706,99.57686578441744
1707,99.57902463245613
1708,99.5811834804948
1709,99.58334232853349
1710,99.58550117657218
1711,99.58766002461087
1712,99.58981887264954
1713,99.59197772068823
1714,99.59413656872694
1715,99.59629541676561
1716,99.5984542648043
1717,99.60061311284298
1718,99.60277196088168
1719,99.60493080892036
1720,99.60708965695905
1721,99.60924850499774
1722,99.61140735303641
1723,99.61356620107512
1724,99.61572504911379
1725,99.61788389715248
1726,99.62004274519116
1727,99.62220159322985
1728,99.62436044126855
1729,99.62651928930723
1730,99.62867813734591
1731,99.63083698538459
1732,99.6329958334233
1733,99.63515468146197
1734,99.63731352950066
1735,99.63947237753933
1736,99.64163122557804
1737,99.64379007361673
1738,99.6459489216554
1739,99.64810776969409
1740,99.65026661773277
1741,99.65242546577147
1742,99.65458431381015
1743,99.65674316184884
1744,99.65890200988753
1745,99.6610608579262
1746,99.6632197059649
1747,99.66537855400358
1748,99.66753740204227
1749,99.66969625008095
1750,99.67185509811965
1751,99.67401394615834
1752,99.67617279419702
1753,99.6783316422357
1754,99.6804904902744
1755,99.68264933831308
1756,99.68480818635176
1757,99.68696703439045
1758,99.68912588242912
1759,99.69128473046783
1760,99.69344357850652
1761,99.6956024265452
1762,99.69776127458388
1763,99.69992012262256
1764,99.70207897066126
1765,99.70423781869994
1766,99.70639666673863
1767,99.70855551477732
1768,99.710714362816
1769,99.7128732108547
1770,99.71503205889337
1771,99.71719090693206
1772,99.71934975497075
1773,99.72150860300944
1774,99.72366745104813
1775,99.7258262990868
1776,99.7279851471255
1777,99.73014399516418
1778,99.73230284320287
1779,99.73446169124155
1780,99.73662053928024
1781,99.73877938731893
1782,99.74093823535762
1783,99.74309708339631
1784,99.74525593143498
1785,99.74741477947367
1786,99.74957362751236
1787,99.75173247555105
1788,99.75389132358973
1789,99.75605017162842
1790,99.7582090196671
1791,99.7603678677058
1792,99.76252671574449
1793,99.76468556378316
1794,99.76684441182185
1795,99.76900325986054
1796,99.77116210789923
1797,99.77332095593792
1798,99.7754798039766
1799,99.77763865201528
1800,99.77979750005397
1801,99.78195634809266
1802,99.78411519613134
1803,99.78627404417003
1804,99.78843289220872
1805,99.79059174024741
1806,99.7927505882861
1807,99.79490943632477
1808,99.79706828436346
1809,99.79922713240215
1810,99.80138598044084
1811,99.80354482847952
1812,99.8057036765182
1813,99.8078625245569
1814,99.81002137259559
1815,99.81218022063427
1816,99.81433906867295
1817,99.81649791671164
1818,99.81865676475033
1819,99.82081561278902
1820,99.82297446082771
1821,99.82513330886638
1822,99.82729215690507
1823,99.82945100494376
1824,99.83160985298245
1825,99.83376870102113
1826,99.83592754905982
1827,99.83808639709851
1828,99.8402452451372
1829,99.84240409317589
1830,99.84456294121456
1831,99.84672178925325
1832,99.84888063729194
1833,99.85103948533063
1834,99.85319833336932
1835,99.855357181408
1836,99.85751602944669
1837,99.85967487748538
1838,99.86183372552406
1839,99.86399257356274
1840,99.86615142160143
1841,99.86831026964012
1842,99.87046911767881
1843,99.8726279657175
1844,99.87478681375617
1845,99.87694566179486
1846,99.87910450983355
1847,99.88126335787224
1848,99.88342220591092
1849,99.88558105394961
1850,99.8877399019883
1851,99.88989875002699
1852,99.89205759806568
1853,99.89421644610435
1854,99.89637529414304
1855,99.89853414218173
1856,99.90069299022042
1857,99.90285183825911
1858,99.90501068629779
1859,99.90716953433648
1860,99.90932838237516
1861,99.91148723041385
1862,99.91364607845253
1863,99.91580492649122
1864,99.91796377452991
1865,99.9201226225686
1866,99.92228147060729
1867,99.92444031864596
1868,99.92659916668465
1869,99.92875801472334
1870,99.93091686276203
1871,99.93307571080071
1872,99.9352345588394
1873,99.9373934068781
1874,99.93955225491678
1875,99.94171110295547
1876,99.94386995099414
1877,99.94602879903283
1878,99.94818764707152
1879,99.95034649511021
1880,99.9525053431489
1881,99.95466419118758
1882,99.95682303922628
1883,99.95898188726495
1884,99.96114073530364
1885,99.96329958334232
1886,99.96545843138101
1887,99.96761727941971
1888,99.96977612745839
1889,99.97193497549708
1890,99.97409382353575
1891,99.97625267157446
1892,99.97841151961313
1893,99.98057036765182
1894,99.9827292156905
1895,99.98488806372919
1896,99.98704691176789
1897,99.98920575980657
1898,99.99136460784526
1899,99.99352345588393
1900,99.99568230392264
1901,99.99784115196131
1902,100.0
